0,0.00E+00,0,,,,,
4.14938,4.18E-05,-7.99E-04,,,,,
8.29876,1.67E-04,-0.0032,,,,,
12.4481,3.76E-04,-7.19E-03,,,,,
16.5975,6.67E-04,-0.01279,,,,,
20.7469,0.00104,-0.02001,,,,,
24.8963,0.0015,-0.02884,,,,,
29.0456,0.00203,-0.0393,,,,,
33.195,0.00265,-0.0514,,,,,
37.3444,0.00334,-0.06515,,,,,
41.4938,0.00411,-0.08056,,,,,
45.6432,0.00496,-0.09766,,,,,
49.7925,0.00588,-0.11646,,,,,
53.9419,0.00687,-0.13698,,,,,
58.0913,0.00793,-0.15924,,,,,
62.2407,0.00906,-0.18327,,,,,
66.39,0.01025,-0.20909,,,,,
70.5394,0.0115,-0.23673,,,,,
74.6888,0.01281,-0.26621,,,,,
78.8382,0.01418,-0.29758,,,,,
82.9876,0.01559,-0.33086,,,,,
87.1369,0.01706,-0.36608,,,,,
91.2863,0.01857,-0.40329,,,,,
95.4357,0.02011,-0.44253,,,,,
99.5851,0.02169,-0.48383,,,,,
103.734,0.02329,-0.52725,,,,,
107.884,0.02492,-0.57282,,,,,
112.033,0.02656,-0.62059,,,,,
116.183,0.02821,-0.67062,,,,,
120.332,0.02988,-0.72295,,,,,
124.481,0.03153,-0.77766,,,,,
128.631,0.03317,-0.83477,,,,,
132.78,0.03479,-0.89437,,,,,
136.929,0.03638,-0.95652,,,,,
141.079,0.03793,-1.02128,,,,,
145.228,0.03943,-1.0887,,,,,
149.378,0.04087,-1.15888,,,,,
153.527,0.04224,-1.23188,,,,,
157.676,0.04353,-1.30777,,,,,
161.826,0.0447,-1.38665,,,,,
165.975,0.04578,-1.46858,,,,,
170.124,0.04673,-1.55365,,,,,
174.274,0.04753,-1.64195,,,,,
178.423,0.04818,-1.73357,,,,,
182.573,0.04865,-1.82859,,,,,
186.722,0.04892,-1.92714,,,,,
190.871,0.04898,-2.02928,,,,,
195.021,0.0488,-2.13514,,,,,
199.17,0.04837,-2.24481,,,,,
203.32,0.04764,-2.35841,,,,,
207.469,0.04661,-2.47604,,,,,
211.618,0.04524,-2.59782,,,,,
215.768,0.04351,-2.72386,,,,,
219.917,0.04137,-2.8543,,,,,
224.066,0.03882,-2.98923,,,,,
228.216,0.03581,-3.12879,,,,,
232.365,0.03229,-3.27312,,,,,
236.515,0.02825,-3.42232,,,,,
240.664,0.02363,-3.57654,,,,,
244.813,0.0184,-3.73592,,,,,
248.963,0.0125,-3.90062,,,,,
253.112,0.0059,-4.07063,,,,,
257.261,-0.0015,-4.24629,,,,,
261.411,-0.0097,-4.42763,,,,,
265.56,-0.0187,-4.61476,,,,,
269.71,-0.0287,-4.80799,,,,,
273.859,-0.0396,-5.0072,,,,,
278.008,-0.0516,-5.21269,,,,,
282.158,-0.0647,-5.42453,,,,,
286.307,-0.079,-5.64289,,,,,
290.456,-0.0945,-5.8678,,,,,
294.606,-0.1114,-6.0996,,,,,
298.755,-0.1297,-6.3382,,,,,
302.905,-0.1495,-6.5837,,,,,
307.054,-0.1708,-6.8363,,,,,
311.203,-0.1938,-7.096,,,,,
315.353,-0.2187,-7.3631,,,,,
319.502,-0.2453,-7.6374,,,,,
323.651,-0.2739,-7.919,,,,,
327.801,-0.3046,-8.2081,,,,,
331.95,-0.3374,-8.5045,,,,,
336.1,-0.3724,-8.8082,,,,,
340.249,-0.4099,-9.1194,,,,,
344.398,-0.4499,-9.4379,,,,,
348.548,-0.4924,-9.7636,,,,,
352.697,-0.5376,-10.0964,,,,,
356.846,-0.5856,-10.4361,,,,,
360.996,-0.6367,-10.7827,,,,,
365.145,-0.6906,-11.1357,,,,,
369.295,-0.7478,-11.495,,,,,
373.444,-0.8081,-11.8603,,,,,
377.593,-0.8718,-12.231,,,,,
381.743,-0.939,-12.607,,,,,
385.892,-1.0097,-12.9876,,,,,
390.041,-1.0839,-13.3721,,,,,
394.191,-1.1619,-13.7602,,,,,
398.34,-1.2435,-14.151,,,,,
402.49,-1.3289,-14.5438,,,,,
406.639,-1.4181,-14.9378,,,,,
410.788,-1.5109,-15.3318,,,,,
414.938,-1.6076,-15.7251,,,,,
419.087,-1.708,-16.1164,,,,,
423.237,-1.8121,-16.5046,,,,,
427.386,-1.9198,-16.8884,,,,,
431.535,-2.0309,-17.2664,,,,,
435.685,-2.1452,-17.6371,,,,,
439.834,-2.2627,-17.999,,,,,
443.983,-2.3832,-18.3505,,,,,
448.133,-2.5061,-18.6898,,,,,
452.282,-2.6315,-19.0153,,,,,
456.432,-2.7588,-19.325,,,,,
460.581,-2.8879,-19.6171,,,,,
464.73,-3.018,-19.8896,,,,,
468.88,-3.149,-20.1406,,,,,
473.029,-3.2802,-20.3681,,,,,
477.178,-3.4111,-20.5702,,,,,
481.328,-3.5412,-20.7449,,,,,
485.477,-3.6697,-20.8902,,,,,
489.627,-3.7962,-21.0046,,,,,
493.776,-3.9199,-21.0861,,,,,
497.925,-4.0401,-21.1332,,,,,
502.075,-4.1563,-21.1445,,,,,
506.224,-4.2675,-21.1186,,,,,
510.373,-4.3732,-21.0545,,,,,
514.523,-4.4727,-20.9512,,,,,
518.672,-4.5653,-20.8082,,,,,
522.822,-4.6503,-20.6251,,,,,
526.971,-4.7271,-20.4017,,,,,
531.12,-4.7951,-20.1383,,,,,
535.27,-4.8538,-19.8354,,,,,
539.419,-4.9026,-19.4938,,,,,
543.568,-4.9412,-19.1147,,,,,
547.718,-4.9691,-18.6995,,,,,
551.867,-4.9862,-18.25,,,,,
556.017,-4.9922,-17.7682,,,,,
560.166,-4.987,-17.2563,,,,,
564.315,-4.9704,-16.717,,,,,
568.465,-4.9427,-16.1532,,,,,
572.614,-4.9037,-15.5677,,,,,
576.763,-4.8537,-14.9635,,,,,
580.913,-4.7931,-14.3441,,,,,
585.062,-4.7222,-13.7127,,,,,
589.212,-4.6413,-13.0726,,,,,
593.361,-4.5509,-12.4272,,,,,
597.51,-4.4514,-11.7797,,,,,
601.66,-4.3437,-11.1333,,,,,
605.809,-4.2279,-10.491,,,,,
609.959,-4.1051,-9.8559,,,,,
614.108,-3.9757,-9.2306,,,,,
618.257,-3.8403,-8.6175,,,,,
622.407,-3.6999,-8.0191,,,,,
626.556,-3.5548,-7.4373,,,,,
630.705,-3.406,-6.8739,,,,,
634.855,-3.2539,-6.3304,,,,,
639.004,-3.0992,-5.808,,,,,
643.154,-2.9425,-5.3077,,,,,
647.303,-2.7845,-4.8304,,,,,
651.452,-2.6257,-4.3764,,,,,
655.602,-2.4666,-3.946,,,,,
659.751,-2.3077,-3.5393,,,,,
663.9,-2.1495,-3.1562,,,,,
668.05,-1.9924,-2.7963,,,,,
672.199,-1.8367,-2.4592,,,,,
676.349,-1.6829,-2.1443,,,,,
680.498,-1.5312,-1.8507,,,,,
684.647,-1.3819,-1.5777,,,,,
688.797,-1.2351,-1.3244,,,,,
692.946,-1.0913,-1.0898,,,,,
697.095,-0.9504,-0.8729,,,,,
701.245,-0.8127,-0.6725,,,,,
705.394,-0.6782,-0.4878,,,,,
709.544,-0.5471,-0.3175,,,,,
713.693,-0.4193,-0.1606,,,,,
717.842,-0.295,-0.016,,,,,
721.992,-0.1741,0.1173,,,,,
726.141,-0.0567,0.2403,,,,,
730.29,0.0574,0.3541,,,,,
734.44,0.1681,0.4596,,,,,
738.589,0.2754,0.5576,,,,,
742.739,0.3795,0.6491,,,,,
746.888,0.4804,0.7349,,,,,
751.037,0.5783,0.8157,,,,,
755.187,0.6731,0.8923,,,,,
759.336,0.7649,0.9653,,,,,
763.485,0.8541,1.0355,,,,,
767.635,0.9406,1.1035,,,,,
771.784,1.0246,1.1699,,,,,
775.934,1.106,1.235,,,,,
780.083,1.1852,1.2996,,,,,
784.232,1.2623,1.364,,,,,
788.382,1.3372,1.4285,,,,,
792.531,1.4103,1.4939,,,,,
796.68,1.4817,1.5603,,,,,
800.83,1.5515,1.6281,,,,,
804.979,1.6197,1.6977,,,,,
809.129,1.6867,1.7694,,,,,
813.278,1.7524,1.8435,,,,,
817.427,1.8172,1.9203,,,,,
821.577,1.881,2.0001,,,,,
825.726,1.9442,2.0832,,,,,
829.876,2.0068,2.1698,,,,,
834.025,2.069,2.2603,,,,,
838.174,2.131,2.355,,,,,
842.324,2.1929,2.4539,,,,,
846.473,2.255,2.5576,,,,,
850.622,2.3174,2.6661,,,,,
854.772,2.3802,2.7801,,,,,
858.921,2.4439,2.8996,,,,,
863.071,2.5084,3.025,,,,,
867.22,2.5741,3.1568,,,,,
871.369,2.6412,3.2953,,,,,
875.519,2.7099,3.4408,,,,,
879.668,2.7806,3.594,,,,,
883.817,2.8534,3.7551,,,,,
887.967,2.9287,3.9249,,,,,
892.116,3.007,4.1038,,,,,
896.266,3.0885,4.2926,,,,,
900.415,3.1735,4.4918,,,,,
904.564,3.2627,4.7023,,,,,
908.714,3.3563,4.9249,,,,,
912.863,3.4549,5.1603,,,,,
917.012,3.5593,5.4099,,,,,
921.162,3.6698,5.6745,,,,,
925.311,3.7873,5.9554,,,,,
929.461,3.9125,6.254,,,,,
933.61,4.0463,6.5716,,,,,
937.759,4.1895,6.91,,,,,
941.909,4.3434,7.2708,,,,,
946.058,4.509,7.6561,,,,,
950.207,4.6876,8.0677,,,,,
954.357,4.8808,8.5082,,,,,
958.506,5.0901,8.98,,,,,
962.656,5.3173,9.4855,,,,,
966.805,5.5643,10.0278,,,,,
970.954,5.8337,10.6098,,,,,
975.104,6.1274,11.2345,,,,,
979.253,6.4487,11.9053,,,,,
983.402,6.7999,12.625,,,,,
987.552,7.1844,13.3967,,,,,
991.701,7.6056,14.2229,,,,,
995.851,8.0666,15.1053,,,,,
1000,8.5707,16.0447,,,,,
1004.15,9.121,17.0404,,,,,
1008.3,9.7201,18.0893,,,,,
1012.45,10.369,19.1849,,,,,
1016.6,11.0676,20.3169,,,,,
1020.75,11.8129,21.4692,,,,,
1024.9,12.5978,22.6188,,,,,
1029.05,13.4101,23.734,,,,,
1033.2,14.23,24.7734,,,,,
1037.34,15.0282,25.6847,,,,,
1041.49,15.7644,26.4057,,,,,
1045.64,16.3853,26.8655,,,,,
1049.79,16.8255,26.9901,,,,,
1053.94,17.0107,26.71,,,,,
1058.09,16.8656,25.9719,,,,,
1062.24,16.3255,24.752,,,,,
1066.39,15.3529,23.07,,,,,
1070.54,13.9548,20.9985,,,,,
1074.69,12.1931,18.663,,,,,
1078.84,10.1861,16.2314,,,,,
1082.99,8.0922,13.8883,,,,,
1087.14,6.0825,11.8054,,,,,
1091.29,4.3074,10.1099,,,,,
1095.44,2.8701,8.8673,,,,,
1099.59,1.8153,8.0784,,,,,
1103.73,1.1331,7.6916,,,,,
1107.88,0.7745,7.624,,,,,
1112.03,0.6712,7.7826,,,,,
1116.18,0.7507,8.0806,,,,,
1120.33,0.9485,8.4465,,,,,
1124.48,1.2124,8.8277,,,,,
1128.63,1.5038,9.1889,,,,,
1132.78,1.7965,9.5093,,,,,
1136.93,2.0739,9.7789,,,,,
1141.08,2.3269,9.9954,,,,,
1145.23,2.5514,10.1609,,,,,
1149.38,2.7463,10.2799,,,,,
1153.53,2.9129,10.3585,,,,,
1157.68,3.0532,10.4028,,,,,
1161.83,3.17,10.419,,,,,
1165.98,3.2661,10.4126,,,,,
1170.12,3.3444,10.3882,,,,,
1174.27,3.4074,10.3503,,,,,
1178.42,3.4574,10.3022,,,,,
1182.57,3.4966,10.2469,,,,,
1186.72,3.5266,10.1868,,,,,
1190.87,3.549,10.1238,,,,,
1195.02,3.5653,10.0597,,,,,
1199.17,3.5762,9.9953,,,,,
1203.32,3.5831,9.932,,,,,
1207.47,3.5865,9.8702,,,,,
1211.62,3.5872,9.8107,,,,,
1215.77,3.5857,9.7538,,,,,
1219.92,3.5824,9.6997,,,,,
1224.07,3.5777,9.6488,,,,,
1228.22,3.5721,9.6011,,,,,
1232.37,3.5656,9.5566,,,,,
1236.51,3.5586,9.5155,,,,,
1240.66,3.5513,9.4776,,,,,
1244.81,3.5437,9.443,,,,,
1248.96,3.5361,9.4114,,,,,
1253.11,3.5284,9.3829,,,,,
1257.26,3.5208,9.3573,,,,,
1261.41,3.5134,9.3346,,,,,
1265.56,3.5062,9.3146,,,,,
1269.71,3.4993,9.2973,,,,,
1273.86,3.4926,9.2824,,,,,
1278.01,3.4862,9.2698,,,,,
1282.16,3.4802,9.2596,,,,,
1286.31,3.4744,9.2513,,,,,
1290.46,3.4691,9.2452,,,,,
1294.61,3.4641,9.241,,,,,
1298.76,3.4594,9.2385,,,,,
1302.9,3.4551,9.2377,,,,,
1307.05,3.451,9.2385,,,,,
1311.2,3.4473,9.2408,,,,,
1315.35,3.444,9.2445,,,,,
1319.5,3.441,9.2496,,,,,
1323.65,3.4383,9.2558,,,,,
1327.8,3.4359,9.2633,,,,,
1331.95,3.4338,9.2717,,,,,
1336.1,3.4319,9.2812,,,,,
1340.25,3.4304,9.2916,,,,,
1344.4,3.4292,9.3029,,,,,
1348.55,3.4281,9.3149,,,,,
1352.7,3.4274,9.3278,,,,,
1356.85,3.4268,9.3413,,,,,
1361,3.4264,9.3553,,,,,
1365.15,3.4263,9.37,,,,,
1369.29,3.4265,9.3852,,,,,
1373.44,3.4268,9.4009,,,,,
1377.59,3.4272,9.417,,,,,
1381.74,3.4278,9.4334,,,,,
1385.89,3.4286,9.4502,,,,,
1390.04,3.4296,9.4673,,,,,
1394.19,3.4308,9.4846,,,,,
1398.34,3.432,9.5022,,,,,
1402.49,3.4334,9.5199,,,,,
1406.64,3.4349,9.5378,,,,,
1410.79,3.4364,9.5557,,,,,
1414.94,3.4382,9.5739,,,,,
1419.09,3.44,9.592,,,,,
1423.24,3.4419,9.6102,,,,,
1427.39,3.4439,9.6284,,,,,
1431.54,3.4459,9.6465,,,,,
1435.68,3.4481,9.6646,,,,,
1439.83,3.4503,9.6827,,,,,
1443.98,3.4525,9.7006,,,,,
1448.13,3.4548,9.7184,,,,,
1452.28,3.4572,9.7361,,,,,
1456.43,3.4595,9.7536,,,,,
1460.58,3.4618,9.7709,,,,,
1464.73,3.4643,9.7881,,,,,
1468.88,3.4667,9.805,,,,,
1473.03,3.4692,9.8218,,,,,
1477.18,3.4716,9.8382,,,,,
1481.33,3.4741,9.8544,,,,,
1485.48,3.4765,9.8703,,,,,
1489.63,3.4789,9.8859,,,,,
1493.78,3.4814,9.9012,,,,,
1497.93,3.4838,9.9162,,,,,
1502.07,3.4861,9.9309,,,,,
1506.22,3.4885,9.9452,,,,,
1510.37,3.4909,9.9592,,,,,
1514.52,3.4931,9.9728,,,,,
1518.67,3.4954,9.986,,,,,
1522.82,3.4976,9.9989,,,,,
1526.97,3.4997,10.0113,,,,,
1531.12,3.5017,10.0233,,,,,
1535.27,3.5038,10.0349,,,,,
1539.42,3.5057,10.0461,,,,,
1543.57,3.5076,10.0569,,,,,
1547.72,3.5095,10.0672,,,,,
1551.87,3.5112,10.077,,,,,
1556.02,3.5128,10.0864,,,,,
1560.17,3.5144,10.0954,,,,,
1564.32,3.5159,10.1038,,,,,
1568.46,3.5173,10.1119,,,,,
1572.61,3.5187,10.1194,,,,,
1576.76,3.5199,10.1264,,,,,
1580.91,3.521,10.133,,,,,
1585.06,3.522,10.139,,,,,
1589.21,3.523,10.1446,,,,,
1593.36,3.5238,10.1497,,,,,
1597.51,3.5244,10.1541,,,,,
1601.66,3.525,10.1581,,,,,
1605.81,3.5255,10.1616,,,,,
1609.96,3.5258,10.1646,,,,,
1614.11,3.5261,10.1671,,,,,
1618.26,3.5262,10.169,,,,,
1622.41,3.5262,10.1704,,,,,
1626.56,3.526,10.1713,,,,,
1630.71,3.5257,10.1716,,,,,
1634.85,3.5254,10.1715,,,,,
1639,3.5248,10.1707,,,,,
1643.15,3.5241,10.1694,,,,,
1647.3,3.5233,10.1677,,,,,
1651.45,3.5223,10.1653,,,,,
1655.6,3.5212,10.1624,,,,,
1659.75,3.5199,10.1589,,,,,
1663.9,3.5185,10.155,,,,,
1668.05,3.5169,10.1504,,,,,
1672.2,3.5152,10.1453,,,,,
1676.35,3.5133,10.1397,,,,,
1680.5,3.5113,10.1335,,,,,
1684.65,3.5091,10.1268,,,,,
1688.8,3.5068,10.1195,,,,,
1692.95,3.5043,10.1117,,,,,
1697.1,3.5017,10.1035,,,,,
1701.24,3.4988,10.0946,,,,,
1705.39,3.4958,10.0852,,,,,
1709.54,3.4926,10.0751,,,,,
1713.69,3.4893,10.0647,,,,,
1717.84,3.4858,10.0536,,,,,
1721.99,3.4821,10.0421,,,,,
1726.14,3.4783,10.0299,,,,,
1730.29,3.4743,10.0173,,,,,
1734.44,3.4701,10.0042,,,,,
1738.59,3.4658,9.9905,,,,,
1742.74,3.4612,9.9763,,,,,
1746.89,3.4565,9.9616,,,,,
1751.04,3.4516,9.9464,,,,,
1755.19,3.4466,9.9306,,,,,
1759.34,3.4413,9.9143,,,,,
1763.49,3.4359,9.8976,,,,,
1767.63,3.4303,9.8803,,,,,
1771.78,3.4245,9.8625,,,,,
1775.93,3.4186,9.8443,,,,,
1780.08,3.4124,9.8254,,,,,
1784.23,3.4061,9.8062,,,,,
1788.38,3.3996,9.7865,,,,,
1792.53,3.3929,9.7662,,,,,
1796.68,3.386,9.7455,,,,,
1800.83,3.379,9.7243,,,,,
1804.98,3.3718,9.7027,,,,,
1809.13,3.3644,9.6806,,,,,
1813.28,3.3568,9.658,,,,,
1817.43,3.349,9.6349,,,,,
1821.58,3.3411,9.6115,,,,,
1825.73,3.333,9.5875,,,,,
1829.88,3.3246,9.5631,,,,,
1834.02,3.3161,9.5383,,,,,
1838.17,3.3075,9.5131,,,,,
1842.32,3.2987,9.4874,,,,,
1846.47,3.2896,9.4613,,,,,
1850.62,3.2804,9.4347,,,,,
1854.77,3.2711,9.4078,,,,,
1858.92,3.2614,9.3804,,,,,
1863.07,3.2518,9.3527,,,,,
1867.22,3.2418,9.3246,,,,,
1871.37,3.2318,9.2961,,,,,
1875.52,3.2215,9.2671,,,,,
1879.67,3.2112,9.2379,,,,,
1883.82,3.2005,9.2082,,,,,
1887.97,3.1898,9.1781,,,,,
1892.12,3.1788,9.1477,,,,,
1896.27,3.1678,9.117,,,,,
1900.41,3.1565,9.0859,,,,,
1904.56,3.145,9.0544,,,,,
1908.71,3.1335,9.0227,,,,,
1912.86,3.1217,8.9906,,,,,
1917.01,3.1098,8.9581,,,,,
1921.16,3.0977,8.9254,,,,,
1925.31,3.0854,8.8922,,,,,
1929.46,3.0731,8.8589,,,,,
1933.61,3.0605,8.8252,,,,,
1937.76,3.0478,8.7912,,,,,
1941.91,3.035,8.757,,,,,
1946.06,3.022,8.7224,,,,,
1950.21,3.0088,8.6875,,,,,
1954.36,2.9956,8.6525,,,,,
1958.51,2.9821,8.6171,,,,,
1962.66,2.9685,8.5814,,,,,
1966.8,2.9548,8.5456,,,,,
1970.95,2.9409,8.5094,,,,,
1975.1,2.9269,8.4731,,,,,
1979.25,2.9128,8.4366,,,,,
1983.4,2.8985,8.3998,,,,,
1987.55,2.8841,8.3627,,,,,
1991.7,2.8696,8.3254,,,,,
1995.85,2.8549,8.288,,,,,
2000,2.8401,8.2503,,,,,
2004.15,2.8252,8.2125,,,,,
2008.3,2.8102,8.1745,,,,,
2012.45,2.7951,8.1363,,,,,
2016.6,2.7798,8.0978,,,,,
2020.75,2.7644,8.0592,,,,,
2024.9,2.7489,8.0206,,,,,
2029.05,2.7333,7.9817,,,,,
2033.2,2.7176,7.9426,,,,,
2037.34,2.7017,7.9034,,,,,
2041.49,2.6859,7.8642,,,,,
2045.64,2.6698,7.8247,,,,,
2049.79,2.6537,7.7852,,,,,
2053.94,2.6375,7.7455,,,,,
2058.09,2.6212,7.7057,,,,,
2062.24,2.6049,7.6658,,,,,
2066.39,2.5883,7.6258,,,,,
2070.54,2.5718,7.5857,,,,,
2074.69,2.5552,7.5455,,,,,
2078.84,2.5385,7.5053,,,,,
2082.99,2.5216,7.4649,,,,,
2087.14,2.5048,7.4245,,,,,
2091.29,2.4878,7.384,,,,,
2095.44,2.4708,7.3435,,,,,
2099.59,2.4537,7.3028,,,,,
2103.73,2.4365,7.2622,,,,,
2107.88,2.4194,7.2216,,,,,
2112.03,2.4021,7.1808,,,,,
2116.18,2.3847,7.1401,,,,,
2120.33,2.3673,7.0992,,,,,
2124.48,2.3499,7.0585,,,,,
2128.63,2.3324,7.0177,,,,,
2132.78,2.3149,6.9769,,,,,
2136.93,2.2973,6.936,,,,,
2141.08,2.2797,6.8952,,,,,
2145.23,2.262,6.8544,,,,,
2149.38,2.2443,6.8136,,,,,
2153.53,2.2265,6.7728,,,,,
2157.68,2.2088,6.732,,,,,
2161.83,2.191,6.6913,,,,,
2165.98,2.1732,6.6506,,,,,
2170.12,2.1554,6.6099,,,,,
2174.27,2.1374,6.5692,,,,,
2178.42,2.1196,6.5287,,,,,
2182.57,2.1017,6.4881,,,,,
2186.72,2.0838,6.4477,,,,,
2190.87,2.0658,6.4072,,,,,
2195.02,2.0479,6.3668,,,,,
2199.17,2.0299,6.3265,,,,,
2203.32,2.012,6.2863,,,,,
2207.47,1.994,6.2462,,,,,
2211.62,1.9761,6.2061,,,,,
2215.77,1.9582,6.1662,,,,,
2219.92,1.9402,6.1263,,,,,
2224.07,1.9223,6.0865,,,,,
2228.22,1.9043,6.0468,,,,,
2232.37,1.8864,6.0072,,,,,
2236.51,1.8686,5.9677,,,,,
2240.66,1.8507,5.9283,,,,,
2244.81,1.8329,5.8891,,,,,
2248.96,1.815,5.8499,,,,,
2253.11,1.7972,5.8109,,,,,
2257.26,1.7793,5.7719,,,,,
2261.41,1.7616,5.7331,,,,,
2265.56,1.7439,5.6945,,,,,
2269.71,1.7262,5.656,,,,,
2273.86,1.7085,5.6175,,,,,
2278.01,1.6909,5.5793,,,,,
2282.16,1.6733,5.5412,,,,,
2286.31,1.6557,5.5032,,,,,
2290.46,1.6383,5.4655,,,,,
2294.61,1.6207,5.4278,,,,,
2298.76,1.6034,5.3903,,,,,
2302.9,1.586,5.3529,,,,,
2307.05,1.5687,5.3157,,,,,
2311.2,1.5514,5.2787,,,,,
2315.35,1.5341,5.2418,,,,,
2319.5,1.517,5.2051,,,,,
2323.65,1.4998,5.1685,,,,,
2327.8,1.4828,5.1321,,,,,
2331.95,1.4658,5.0959,,,,,
2336.1,1.4488,5.0599,,,,,
2340.25,1.432,5.0241,,,,,
2344.4,1.4152,4.9884,,,,,
2348.55,1.3985,4.953,,,,,
2352.7,1.3818,4.9176,,,,,
2356.85,1.3652,4.8825,,,,,
2361,1.3487,4.8476,,,,,
2365.15,1.3323,4.8129,,,,,
2369.29,1.3159,4.7783,,,,,
2373.44,1.2996,4.744,,,,,
2377.59,1.2833,4.7098,,,,,
2381.74,1.2672,4.6758,,,,,
2385.89,1.2511,4.642,,,,,
2390.04,1.2351,4.6084,,,,,
2394.19,1.2192,4.575,,,,,
2398.34,1.2033,4.5419,,,,,
2402.49,1.1876,4.5089,,,,,
2406.64,1.1719,4.4761,,,,,
2410.79,1.1564,4.4435,,,,,
2414.94,1.1409,4.4112,,,,,
2419.09,1.1254,4.3789,,,,,
2423.24,1.1102,4.347,,,,,
2427.39,1.0949,4.3152,,,,,
2431.54,1.0798,4.2837,,,,,
2435.68,1.0648,4.2524,,,,,
2439.83,1.0497,4.2212,,,,,
2443.98,1.0349,4.1903,,,,,
2448.13,1.0202,4.1596,,,,,
2452.28,1.0055,4.1291,,,,,
2456.43,0.991,4.0988,,,,,
2460.58,0.9764,4.0687,,,,,
2464.73,0.9621,4.0389,,,,,
2468.88,0.9478,4.0092,,,,,
2473.03,0.9336,3.9797,,,,,
2477.18,0.9195,3.9504,,,,,
2481.33,0.9055,3.9214,,,,,
2485.48,0.8917,3.8927,,,,,
2489.63,0.8779,3.8641,,,,,
2493.78,0.8642,3.8357,,,,,
2497.93,0.8506,3.8075,,,,,
2502.07,0.8372,3.7796,,,,,
2506.22,0.8238,3.7518,,,,,
2510.37,0.8105,3.7243,,,,,
2514.52,0.7973,3.697,,,,,
2518.67,0.7842,3.6698,,,,,
2522.82,0.7712,3.6429,,,,,
2526.97,0.7584,3.6162,,,,,
2531.12,0.7456,3.5897,,,,,
2535.27,0.733,3.5635,,,,,
2539.42,0.7205,3.5375,,,,,
2543.57,0.708,3.5116,,,,,
2547.72,0.6957,3.486,,,,,
2551.87,0.6834,3.4605,,,,,
2556.02,0.6713,3.4354,,,,,
2560.17,0.6592,3.4103,,,,,
2564.32,0.6474,3.3855,,,,,
2568.46,0.6356,3.3609,,,,,
2572.61,0.6239,3.3366,,,,,
2576.76,0.6122,3.3123,,,,,
2580.91,0.6007,3.2883,,,,,
2585.06,0.5893,3.2646,,,,,
2589.21,0.5781,3.241,,,,,
2593.36,0.5668,3.2176,,,,,
2597.51,0.5558,3.1945,,,,,
2601.66,0.5448,3.1715,,,,,
2605.81,0.5339,3.1487,,,,,
2609.96,0.5232,3.1262,,,,,
2614.11,0.5125,3.1038,,,,,
2618.26,0.502,3.0816,,,,,
2622.41,0.4915,3.0596,,,,,
2626.56,0.4812,3.0379,,,,,
2630.71,0.4709,3.0162,,,,,
2634.85,0.4608,2.9949,,,,,
2639,0.4508,2.9737,,,,,
2643.15,0.4408,2.9527,,,,,
2647.3,0.431,2.9319,,,,,
2651.45,0.4213,2.9112,,,,,
2655.6,0.4116,2.8908,,,,,
2659.75,0.4021,2.8705,,,,,
2663.9,0.3927,2.8505,,,,,
2668.05,0.3833,2.8305,,,,,
2672.2,0.3741,2.8108,,,,,
2676.35,0.365,2.7914,,,,,
2680.5,0.356,2.772,,,,,
2684.65,0.3471,2.7528,,,,,
2688.8,0.3382,2.7338,,,,,
2692.95,0.3295,2.715,,,,,
2697.1,0.3209,2.6965,,,,,
2701.24,0.3123,2.678,,,,,
2705.39,0.304,2.6597,,,,,
2709.54,0.2956,2.6416,,,,,
2713.69,0.2874,2.6237,,,,,
2717.84,0.2792,2.6059,,,,,
2721.99,0.2711,2.5882,,,,,
2726.14,0.2632,2.5709,,,,,
2730.29,0.2553,2.5536,,,,,
2734.44,0.2475,2.5365,,,,,
2738.59,0.2398,2.5195,,,,,
2742.74,0.2322,2.5027,,,,,
2746.89,0.2248,2.4861,,,,,
2751.04,0.2174,2.4697,,,,,
2755.19,0.2101,2.4534,,,,,
2759.34,0.2028,2.4372,,,,,
2763.49,0.1957,2.4212,,,,,
2767.63,0.1886,2.4053,,,,,
2771.78,0.1816,2.3896,,,,,
2775.93,0.1748,2.3741,,,,,
2780.08,0.168,2.3587,,,,,
2784.23,0.1613,2.3435,,,,,
2788.38,0.1546,2.3284,,,,,
2792.53,0.1482,2.3135,,,,,
2796.68,0.1417,2.2986,,,,,
2800.83,0.1353,2.284,,,,,
2804.98,0.129,2.2694,,,,,
2809.13,0.1228,2.255,,,,,
2813.28,0.1167,2.2408,,,,,
2817.43,0.1107,2.2267,,,,,
2821.58,0.1047,2.2127,,,,,
2825.73,0.0988,2.1988,,,,,
2829.88,0.093,2.1851,,,,,
2834.02,0.0873,2.1716,,,,,
2838.17,0.0817,2.1581,,,,,
2842.32,0.0761,2.1448,,,,,
2846.47,0.0706,2.1316,,,,,
2850.62,0.0652,2.1185,,,,,
2854.77,0.0599,2.1056,,,,,
2858.92,0.0546,2.0927,,,,,
2863.07,0.0494,2.08,,,,,
2867.22,0.0442,2.0674,,,,,
2871.37,0.0392,2.055,,,,,
2875.52,0.0342,2.0426,,,,,
2879.67,0.0294,2.0304,,,,,
2883.82,0.0245,2.0182,,,,,
2887.97,0.0197,2.0061,,,,,
2892.12,0.015,1.9943,,,,,
2896.27,0.0103,1.9824,,,,,
2900.41,0.0059,1.9708,,,,,
2904.56,0.0013,1.9592,,,,,
2908.71,-0.0031,1.9477,,,,,
2912.86,-0.0075,1.9364,,,,,
2917.01,-0.0118,1.925,,,,,
2921.16,-0.016,1.9139,,,,,
2925.31,-0.0202,1.9029,,,,,
2929.46,-0.0243,1.8919,,,,,
2933.61,-0.0284,1.881,,,,,
2937.76,-0.0324,1.8702,,,,,
2941.91,-0.0363,1.8595,,,,,
2946.06,-0.0402,1.8489,,,,,
2950.21,-0.044,1.8384,,,,,
2954.36,-0.0477,1.828,,,,,
2958.51,-0.0514,1.8177,,,,,
2962.66,-0.055,1.8075,,,,,
2966.8,-0.0586,1.7973,,,,,
2970.95,-0.0622,1.7872,,,,,
2975.1,-0.0656,1.7772,,,,,
2979.25,-0.069,1.7674,,,,,
2983.4,-0.0724,1.7575,,,,,
2987.55,-0.0757,1.7477,,,,,
2991.7,-0.0789,1.7381,,,,,
2995.85,-0.0822,1.7285,,,,,
3000,-0.0853,1.719,,,,,
3004.15,-0.0884,1.7096,,,,,
3008.3,-0.0914,1.7002,,,,,
3012.45,-0.0944,1.6909,,,,,
3016.6,-0.0974,1.6817,,,,,
3020.75,-0.1004,1.6725,,,,,
3024.9,-0.1032,1.6634,,,,,
3029.05,-0.106,1.6544,,,,,
3033.2,-0.1087,1.6454,,,,,
3037.34,-0.1114,1.6366,,,,,
3041.49,-0.1142,1.6277,,,,,
3045.64,-0.1168,1.6189,,,,,
3049.79,-0.1193,1.6102,,,,,
3053.94,-0.1219,1.6015,,,,,
3058.09,-0.1244,1.5929,,,,,
3062.24,-0.1268,1.5844,,,,,
3066.39,-0.1292,1.576,,,,,
3070.54,-0.1316,1.5675,,,,,
3074.69,-0.134,1.5591,,,,,
3078.84,-0.1362,1.5508,,,,,
3082.99,-0.1385,1.5425,,,,,
3087.14,-0.1407,1.5343,,,,,
3091.29,-0.1429,1.5261,,,,,
3095.44,-0.145,1.518,,,,,
3099.59,-0.1471,1.5099,,,,,
3103.73,-0.1492,1.5018,,,,,
3107.88,-0.1512,1.4938,,,,,
3112.03,-0.1532,1.4859,,,,,
3116.18,-0.1552,1.4779,,,,,
3120.33,-0.1571,1.47,,,,,
3124.48,-0.159,1.4622,,,,,
3128.63,-0.1608,1.4544,,,,,
3132.78,-0.1626,1.4467,,,,,
3136.93,-0.1644,1.4389,,,,,
3141.08,-0.1662,1.4311,,,,,
3145.23,-0.1679,1.4235,,,,,
3149.38,-0.1696,1.4159,,,,,
3153.53,-0.1712,1.4083,,,,,
3157.68,-0.1728,1.4007,,,,,
3161.83,-0.1744,1.3932,,,,,
3165.98,-0.176,1.3856,,,,,
3170.12,-0.1776,1.3781,,,,,
3174.27,-0.1791,1.3706,,,,,
3178.42,-0.1806,1.3632,,,,,
3182.57,-0.1821,1.3557,,,,,
3186.72,-0.1835,1.3482,,,,,
3190.87,-0.1849,1.3408,,,,,
3195.02,-0.1863,1.3335,,,,,
3199.17,-0.1877,1.3261,,,,,
3203.32,-0.189,1.3188,,,,,
3207.47,-0.1903,1.3114,,,,,
3211.62,-0.1916,1.3041,,,,,
3215.77,-0.1928,1.2968,,,,,
3219.92,-0.194,1.2895,,,,,
3224.07,-0.1953,1.2822,,,,,
3228.22,-0.1964,1.275,,,,,
3232.37,-0.1976,1.2676,,,,,
3236.51,-0.1988,1.2603,,,,,
3240.66,-0.1998,1.2531,,,,,
3244.81,-0.2009,1.2459,,,,,
3248.96,-0.2021,1.2386,,,,,
3253.11,-0.2031,1.2313,,,,,
3257.26,-0.2041,1.2241,,,,,
3261.41,-0.2051,1.2169,,,,,
3265.56,-0.2061,1.2096,,,,,
3269.71,-0.2071,1.2023,,,,,
3273.86,-0.2081,1.195,,,,,
3278.01,-0.2091,1.1877,,,,,
3282.16,-0.21,1.1805,,,,,
3286.31,-0.2109,1.1732,,,,,
3290.46,-0.2117,1.166,,,,,
3294.61,-0.2126,1.1587,,,,,
3298.76,-0.2135,1.1513,,,,,
3302.9,-0.2143,1.144,,,,,
3307.05,-0.2152,1.1366,,,,,
3311.2,-0.2159,1.1293,,,,,
3315.35,-0.2167,1.1219,,,,,
3319.5,-0.2174,1.1146,,,,,
3323.65,-0.2182,1.1072,,,,,
3327.8,-0.2189,1.0997,,,,,
3331.95,-0.2197,1.0923,,,,,
3336.1,-0.2204,1.0848,,,,,
3340.25,-0.2212,1.0772,,,,,
3344.4,-0.2218,1.0697,,,,,
3348.55,-0.2225,1.0622,,,,,
3352.7,-0.2231,1.0547,,,,,
3356.85,-0.2237,1.0471,,,,,
3361,-0.2243,1.0395,,,,,
3365.15,-0.225,1.0318,,,,,
3369.29,-0.2256,1.0241,,,,,
3373.44,-0.2262,1.0163,,,,,
3377.59,-0.2268,1.0086,,,,,
3381.74,-0.2273,1.0008,,,,,
3385.89,-0.2278,0.993,,,,,
3390.04,-0.2284,0.9851,,,,,
3394.19,-0.2289,0.9772,,,,,
3398.34,-0.2294,0.9693,,,,,
3402.49,-0.2299,0.9613,,,,,
3406.64,-0.2304,0.9532,,,,,
3410.79,-0.2309,0.9451,,,,,
3414.94,-0.2314,0.937,,,,,
3419.09,-0.2317,0.9289,,,,,
3423.24,-0.2322,0.9206,,,,,
3427.39,-0.2326,0.9123,,,,,
3431.54,-0.233,0.904,,,,,
3435.68,-0.2334,0.8956,,,,,
3439.83,-0.2338,0.8872,,,,,
3443.98,-0.2342,0.8787,,,,,
3448.13,-0.2346,0.8702,,,,,
3452.28,-0.2349,0.8616,,,,,
3456.43,-0.2353,0.8529,,,,,
3460.58,-0.2356,0.8442,,,,,
3464.73,-0.2359,0.8353,,,,,
3468.88,-0.2362,0.8266,,,,,
3473.03,-0.2365,0.8176,,,,,
3477.18,-0.2368,0.8086,,,,,
3481.33,-0.237,0.7996,,,,,
3485.48,-0.2372,0.7905,,,,,
3489.63,-0.2375,0.7812,,,,,
3493.78,-0.2377,0.772,,,,,
3497.93,-0.2379,0.7627,,,,,
3502.07,-0.2381,0.7533,,,,,
3506.22,-0.2383,0.7438,,,,,
3510.37,-0.2385,0.7341,,,,,
3514.52,-0.2386,0.7245,,,,,
3518.67,-0.2388,0.7148,,,,,
3522.82,-0.239,0.7049,,,,,
3526.97,-0.239,0.6951,,,,,
3531.12,-0.2391,0.6851,,,,,
3535.27,-0.2392,0.6751,,,,,
3539.42,-0.2392,0.6649,,,,,
3543.57,-0.2393,0.6546,,,,,
3547.72,-0.2393,0.6443,,,,,
3551.87,-0.2392,0.6339,,,,,
3556.02,-0.2392,0.6234,,,,,
3560.17,-0.2393,0.6127,,,,,
3564.32,-0.2392,0.602,,,,,
3568.46,-0.2391,0.5912,,,,,
3572.61,-0.239,0.5804,,,,,
3576.76,-0.2388,0.5694,,,,,
3580.91,-0.2387,0.5583,,,,,
3585.06,-0.2385,0.5471,,,,,
3589.21,-0.2383,0.5357,,,,,
3593.36,-0.2381,0.5243,,,,,
3597.51,-0.2378,0.5128,,,,,
3601.66,-0.2376,0.5011,,,,,
3605.81,-0.2372,0.4895,,,,,
3609.96,-0.2369,0.4776,,,,,
3614.11,-0.2366,0.4657,,,,,
3618.26,-0.2362,0.4535,,,,,
3622.41,-0.2357,0.4414,,,,,
3626.56,-0.2352,0.4292,,,,,
3630.71,-0.2347,0.4168,,,,,
3634.85,-0.2343,0.4042,,,,,
3639,-0.2337,0.3916,,,,,
3643.15,-0.2331,0.3788,,,,,
3647.3,-0.2324,0.3659,,,,,
3651.45,-0.2317,0.353,,,,,
3655.6,-0.231,0.3399,,,,,
3659.75,-0.2302,0.3267,,,,,
3663.9,-0.2294,0.3133,,,,,
3668.05,-0.2285,0.2998,,,,,
3672.2,-0.2276,0.2862,,,,,
3676.35,-0.2266,0.2726,,,,,
3680.5,-0.2256,0.2588,,,,,
3684.65,-0.2245,0.2448,,,,,
3688.8,-0.2234,0.2307,,,,,
3692.95,-0.2222,0.2166,,,,,
3697.1,-0.221,0.2023,,,,,
3701.24,-0.2196,0.1879,,,,,
3705.39,-0.2182,0.1734,,,,,
3709.54,-0.2167,0.1588,,,,,
3713.69,-0.2152,0.144,,,,,
3717.84,-0.2136,0.1292,,,,,
3721.99,-0.212,0.1141,,,,,
3726.14,-0.2102,0.0991,,,,,
3730.29,-0.2085,0.0839,,,,,
3734.44,-0.2066,0.0686,,,,,
3738.59,-0.2046,0.0532,,,,,
3742.74,-0.2025,0.0377,,,,,
3746.89,-0.2003,0.0221,,,,,
3751.04,-0.1981,0.0064,,,,,
3755.19,-0.1957,-0.0093,,,,,
3759.34,-0.1933,-0.0252,,,,,
3763.49,-0.1907,-0.0411,,,,,
3767.63,-0.1881,-0.0571,,,,,
3771.78,-0.1853,-0.0732,,,,,
3775.93,-0.1824,-0.0893,,,,,
3780.08,-0.1794,-0.1055,,,,,
3784.23,-0.1763,-0.1218,,,,,
3788.38,-0.1731,-0.1382,,,,,
3792.53,-0.1697,-0.1545,,,,,
3796.68,-0.1663,-0.171,,,,,
3800.83,-0.1627,-0.1874,,,,,
3804.98,-0.1589,-0.2039,,,,,
3809.13,-0.1551,-0.2204,,,,,
3813.28,-0.1511,-0.2369,,,,,
3817.43,-0.147,-0.2534,,,,,
3821.58,-0.1427,-0.2699,,,,,
3825.73,-0.1383,-0.2864,,,,,
3829.88,-0.1336,-0.3028,,,,,
3834.02,-0.1289,-0.3191,,,,,
3838.17,-0.124,-0.3355,,,,,
3842.32,-0.1189,-0.3517,,,,,
3846.47,-0.1137,-0.368,,,,,
3850.62,-0.1083,-0.3841,,,,,
3854.77,-0.1027,-0.4,,,,,
3858.92,-0.097,-0.4159,,,,,
3863.07,-0.091,-0.4316,,,,,
3867.22,-0.0849,-0.4472,,,,,
3871.37,-0.0787,-0.4626,,,,,
3875.52,-0.0722,-0.4778,,,,,
3879.67,-0.0656,-0.4928,,,,,
3883.82,-0.0587,-0.5076,,,,,
3887.97,-0.0518,-0.5222,,,,,
3892.12,-0.0445,-0.5364,,,,,
3896.27,-0.0371,-0.5504,,,,,
3900.41,-0.0296,-0.5642,,,,,
3904.56,-0.0218,-0.5774,,,,,
3908.71,-0.0139,-0.5905,,,,,
3912.86,-0.0058,-0.6031,,,,,
3917.01,0.0025,-0.6155,,,,,
3921.16,0.011,-0.6273,,,,,
3925.31,0.0196,-0.6387,,,,,
3929.46,0.0285,-0.6496,,,,,
3933.61,0.0374,-0.6601,,,,,
3937.76,0.0466,-0.67,,,,,
3941.91,0.0559,-0.6794,,,,,
3946.06,0.0654,-0.6883,,,,,
3950.21,0.075,-0.6965,,,,,
3954.36,0.0847,-0.7042,,,,,
3958.51,0.0946,-0.7111,,,,,
3962.66,0.1045,-0.7175,,,,,
3966.8,0.1147,-0.7231,,,,,
3970.95,0.1248,-0.728,,,,,
3975.1,0.135,-0.7322,,,,,
3979.25,0.1454,-0.7355,,,,,
3983.4,0.1558,-0.7381,,,,,
3987.55,0.1663,-0.7399,,,,,
3991.7,0.1767,-0.7408,,,,,
3995.85,0.1872,-0.7409,,,,,
4000,0.1976,-0.7401,,,,,
4004.15,0.208,-0.7384,,,,,
4008.3,0.2183,-0.7358,,,,,
4012.45,0.2286,-0.7322,,,,,
4016.6,0.2389,-0.7277,,,,,
4020.75,0.2489,-0.7223,,,,,
4024.9,0.2588,-0.7158,,,,,
4029.05,0.2686,-0.7083,,,,,
4033.2,0.2781,-0.6999,,,,,
4037.34,0.2874,-0.6906,,,,,
4041.49,0.2965,-0.6802,,,,,
4045.64,0.3053,-0.6688,,,,,
4049.79,0.3138,-0.6564,,,,,
4053.94,0.3219,-0.6431,,,,,
4058.09,0.3297,-0.6288,,,,,
4062.24,0.337,-0.6135,,,,,
4066.39,0.3441,-0.5972,,,,,
4070.54,0.3506,-0.5801,,,,,
4074.69,0.3565,-0.5621,,,,,
4078.84,0.3621,-0.5432,,,,,
4082.99,0.367,-0.5235,,,,,
4087.14,0.3714,-0.5029,,,,,
4091.29,0.3752,-0.4816,,,,,
4095.44,0.3784,-0.4595,,,,,
4099.59,0.3809,-0.4368,,,,,
4103.73,0.3827,-0.4134,,,,,
4107.88,0.3839,-0.3893,,,,,
4112.03,0.3843,-0.3648,,,,,
4116.18,0.384,-0.3398,,,,,
4120.33,0.3828,-0.3143,,,,,
4124.48,0.381,-0.2884,,,,,
4128.63,0.3784,-0.2622,,,,,
4132.78,0.375,-0.2358,,,,,
4136.93,0.3708,-0.2092,,,,,
4141.08,0.3658,-0.1824,,,,,
4145.23,0.3599,-0.1556,,,,,
4149.38,0.3533,-0.1287,,,,,
4153.53,0.3458,-0.102,,,,,
4157.68,0.3376,-0.0753,,,,,
4161.83,0.3285,-0.0488,,,,,
4165.98,0.3187,-0.0226,,,,,
4170.12,0.3081,0.0033,,,,,
4174.27,0.2968,0.0288,,,,,
4178.42,0.2847,0.054,,,,,
4182.57,0.2719,0.0786,,,,,
4186.72,0.2584,0.1026,,,,,
4190.87,0.2443,0.1261,,,,,
4195.02,0.2295,0.1489,,,,,
4199.17,0.2141,0.1711,,,,,
4203.32,0.1982,0.1926,,,,,
4207.47,0.1817,0.2132,,,,,
4211.62,0.1647,0.2331,,,,,
4215.77,0.1473,0.2521,,,,,
4219.92,0.1294,0.2704,,,,,
4224.07,0.1112,0.2877,,,,,
4228.22,0.0926,0.3041,,,,,
4232.37,0.0737,0.3197,,,,,
4236.51,0.0546,0.3343,,,,,
4240.66,0.0352,0.348,,,,,
4244.81,0.0158,0.3608,,,,,
4248.96,-0.004,0.3726,,,,,
4253.11,-0.0237,0.3835,,,,,
4257.26,-0.0435,0.3935,,,,,
4261.41,-0.0633,0.4027,,,,,
4265.56,-0.0831,0.4109,,,,,
4269.71,-0.1028,0.4182,,,,,
4273.86,-0.1225,0.4247,,,,,
4278.01,-0.142,0.4304,,,,,
4282.16,-0.1612,0.4353,,,,,
4286.31,-0.1804,0.4394,,,,,
4290.46,-0.1992,0.4427,,,,,
4294.61,-0.2179,0.4453,,,,,
4298.76,-0.2362,0.4472,,,,,
4302.9,-0.2542,0.4485,,,,,
4307.05,-0.2718,0.4492,,,,,
4311.2,-0.2891,0.4493,,,,,
4315.35,-0.306,0.4488,,,,,
4319.5,-0.3225,0.4478,,,,,
4323.65,-0.3386,0.4463,,,,,
4327.8,-0.3543,0.4443,,,,,
4331.95,-0.3695,0.4419,,,,,
4336.1,-0.3842,0.4392,,,,,
4340.25,-0.3985,0.4361,,,,,
4344.4,-0.4123,0.4327,,,,,
4348.55,-0.4256,0.429,,,,,
4352.7,-0.4385,0.425,,,,,
4356.85,-0.4508,0.4209,,,,,
4361,-0.4627,0.4165,,,,,
4365.15,-0.474,0.4119,,,,,
4369.29,-0.4848,0.4073,,,,,
4373.44,-0.4952,0.4025,,,,,
4377.59,-0.505,0.3976,,,,,
4381.74,-0.5144,0.3926,,,,,
4385.89,-0.5233,0.3876,,,,,
4390.04,-0.5317,0.3826,,,,,
4394.19,-0.5396,0.3776,,,,,
4398.34,-0.5471,0.3725,,,,,
4402.49,-0.5541,0.3676,,,,,
4406.64,-0.5607,0.3626,,,,,
4410.79,-0.5668,0.3578,,,,,
4414.94,-0.5725,0.353,,,,,
4419.09,-0.5778,0.3483,,,,,
4423.24,-0.5826,0.3438,,,,,
4427.39,-0.5871,0.3392,,,,,
4431.54,-0.5911,0.3349,,,,,
4435.68,-0.5948,0.3307,,,,,
4439.83,-0.5981,0.3266,,,,,
4443.98,-0.601,0.3227,,,,,
4448.13,-0.6036,0.3189,,,,,
4452.28,-0.6058,0.3153,,,,,
4456.43,-0.6077,0.3118,,,,,
4460.58,-0.6093,0.3085,,,,,
4464.73,-0.6106,0.3053,,,,,
4468.88,-0.6116,0.3023,,,,,
4473.03,-0.6124,0.2995,,,,,
4477.18,-0.6128,0.2969,,,,,
4481.33,-0.6129,0.2945,,,,,
4485.48,-0.6129,0.2922,,,,,
4489.63,-0.6126,0.2901,,,,,
4493.78,-0.612,0.2881,,,,,
4497.93,-0.6112,0.2864,,,,,
4502.07,-0.6103,0.2848,,,,,
4506.22,-0.609,0.2834,,,,,
4510.37,-0.6077,0.2821,,,,,
4514.52,-0.6061,0.281,,,,,
4518.67,-0.6043,0.2801,,,,,
4522.82,-0.6024,0.2793,,,,,
4526.97,-0.6003,0.2787,,,,,
4531.12,-0.5981,0.2782,,,,,
4535.27,-0.5957,0.278,,,,,
4539.42,-0.5933,0.2777,,,,,
4543.57,-0.5906,0.2777,,,,,
4547.72,-0.5879,0.2778,,,,,
4551.87,-0.5849,0.2781,,,,,
4556.02,-0.582,0.2784,,,,,
4560.17,-0.5789,0.279,,,,,
4564.32,-0.5757,0.2796,,,,,
4568.46,-0.5724,0.2804,,,,,
4572.61,-0.569,0.2812,,,,,
4576.76,-0.5657,0.2821,,,,,
4580.91,-0.5621,0.2832,,,,,
4585.06,-0.5586,0.2844,,,,,
4589.21,-0.5549,0.2857,,,,,
4593.36,-0.5512,0.2871,,,,,
4597.51,-0.5474,0.2886,,,,,
4601.66,-0.5436,0.2902,,,,,
4605.81,-0.5398,0.2918,,,,,
4609.96,-0.5359,0.2935,,,,,
4614.11,-0.532,0.2954,,,,,
4618.26,-0.5279,0.2973,,,,,
4622.41,-0.524,0.2993,,,,,
4626.56,-0.52,0.3013,,,,,
4630.71,-0.5159,0.3033,,,,,
4634.85,-0.5118,0.3056,,,,,
4639,-0.5078,0.3077,,,,,
4643.15,-0.5036,0.31,,,,,
4647.3,-0.4995,0.3124,,,,,
4651.45,-0.4954,0.3147,,,,,
4655.6,-0.4913,0.3171,,,,,
4659.75,-0.4872,0.3196,,,,,
4663.9,-0.4829,0.3222,,,,,
4668.05,-0.4789,0.3247,,,,,
4672.2,-0.4747,0.3273,,,,,
4676.35,-0.4705,0.33,,,,,
4680.5,-0.4664,0.3326,,,,,
4684.65,-0.4623,0.3353,,,,,
4688.8,-0.4582,0.338,,,,,
4692.95,-0.4541,0.3408,,,,,
4697.1,-0.4499,0.3436,,,,,
4701.24,-0.4459,0.3463,,,,,
4705.39,-0.4417,0.3492,,,,,
4709.54,-0.4377,0.352,,,,,
4713.69,-0.4337,0.3548,,,,,
4717.84,-0.4296,0.3577,,,,,
4721.99,-0.4256,0.3606,,,,,
4726.14,-0.4216,0.3634,,,,,
4730.29,-0.4177,0.3663,,,,,
4734.44,-0.4136,0.3693,,,,,
4738.59,-0.4097,0.3721,,,,,
4742.74,-0.4058,0.3751,,,,,
4746.89,-0.4019,0.378,,,,,
4751.04,-0.398,0.3809,,,,,
4755.19,-0.3942,0.3838,,,,,
4759.34,-0.3904,0.3867,,,,,
4763.49,-0.3865,0.3897,,,,,
4767.63,-0.3828,0.3926,,,,,
4771.78,-0.379,0.3955,,,,,
4775.93,-0.3753,0.3984,,,,,
4780.08,-0.3716,0.4013,,,,,
4784.23,-0.3679,0.4042,,,,,
4788.38,-0.3643,0.4071,,,,,
4792.53,-0.3607,0.4099,,,,,
4796.68,-0.3571,0.4128,,,,,
4800.83,-0.3536,0.4156,,,,,
4804.98,-0.35,0.4185,,,,,
4809.13,-0.3465,0.4214,,,,,
4813.28,-0.343,0.4242,,,,,
4817.43,-0.3395,0.427,,,,,
4821.58,-0.3361,0.4298,,,,,
4825.73,-0.3327,0.4326,,,,,
4829.88,-0.3293,0.4354,,,,,
4834.02,-0.326,0.4381,,,,,
4838.17,-0.3227,0.4409,,,,,
4842.32,-0.3194,0.4436,,,,,
4846.47,-0.3161,0.4463,,,,,
4850.62,-0.3129,0.449,,,,,
4854.77,-0.3097,0.4517,,,,,
4858.92,-0.3065,0.4544,,,,,
4863.07,-0.3033,0.4571,,,,,
4867.22,-0.3002,0.4597,,,,,
4871.37,-0.2971,0.4623,,,,,
4875.52,-0.294,0.4649,,,,,
4879.67,-0.291,0.4675,,,,,
4883.82,-0.288,0.47,,,,,
4887.97,-0.285,0.4726,,,,,
4892.12,-0.282,0.4751,,,,,
4896.27,-0.2791,0.4776,,,,,
4900.41,-0.2762,0.48,,,,,
4904.56,-0.2733,0.4825,,,,,
4908.71,-0.2705,0.4849,,,,,
4912.86,-0.2676,0.4874,,,,,
4917.01,-0.2648,0.4897,,,,,
4921.16,-0.262,0.4921,,,,,
4925.31,-0.2593,0.4945,,,,,
4929.46,-0.2565,0.4969,,,,,
4933.61,-0.2538,0.4992,,,,,
4937.76,-0.2512,0.5015,,,,,
4941.91,-0.2485,0.5037,,,,,
4946.06,-0.2459,0.506,,,,,
4950.21,-0.2433,0.5083,,,,,
4954.36,-0.2407,0.5105,,,,,
4958.51,-0.2382,0.5126,,,,,
4962.66,-0.2356,0.5148,,,,,
4966.8,-0.2331,0.517,,,,,
4970.95,-0.2306,0.5191,,,,,
4975.1,-0.2282,0.5212,,,,,
4979.25,-0.2257,0.5233,,,,,
4983.4,-0.2233,0.5254,,,,,
4987.55,-0.221,0.5274,,,,,
4991.7,-0.2186,0.5294,,,,,
4995.85,-0.2162,0.5314,,,,,
5000,-0.2139,0.5334,,,,,
